OutwardCode,CityName
AB1,Aberdeen
AB10,Aberdeen
AB11,Aberdeen
AB12,Aberdeen
AB13,Aberdeen
AB14,Aberdeen
AB15,Aberdeen
AB16,Aberdeen
AB17,Aberdeen
AB18,Aberdeen
AB19,Aberdeen
AB2,Aberdeen
AB20,Aberdeen
AB21,Aberdeen
AB22,Aberdeen
AB23,Aberdeen
AB24,Aberdeen
AB25,Aberdeen
AB26,Aberdeen
AB27,Aberdeen
AB28,Aberdeen
AB29,Aberdeen
AB3,Aberdeen
AB30,Aberdeen
AB31,Aberdeen
AB32,Aberdeen
AB33,Aberdeen
AB34,Aberdeen
AB35,Aberdeen
AB36,Aberdeen
AB37,Aberdeen
AB38,Aberdeen
AB39,Aberdeen
AB4,Aberdeen
AB40,Aberdeen
AB41,Aberdeen
AB42,Aberdeen
AB43,Aberdeen
AB44,Aberdeen
AB45,Aberdeen
AB46,Aberdeen
AB47,Aberdeen
AB48,Aberdeen
AB49,Aberdeen
AB5,Aberdeen
AB50,Aberdeen
AB51,Aberdeen
AB52,Aberdeen
AB53,Aberdeen
AB54,Aberdeen
AB55,Aberdeen
AB56,Aberdeen
AB6,Aberdeen
AB7,Aberdeen
AB8,Aberdeen
AB9,Aberdeen
AL1,St Albans
AL10,St Albans
AL2,St Albans
AL3,St Albans
AL4,St Albans
AL5,St Albans
AL6,St Albans
AL7,St Albans
AL8,St Albans
AL9,St Albans
B1,Birmingham
B10,Birmingham
B11,Birmingham
B12,Birmingham
B13,Birmingham
B14,Birmingham
B15,Birmingham
B16,Birmingham
B17,Birmingham
B18,Birmingham
B19,Birmingham
B2,Birmingham
B20,Birmingham
B21,Birmingham
B22,Birmingham
B23,Birmingham
B24,Birmingham
B25,Birmingham
B26,Birmingham
B27,Birmingham
B28,Birmingham
B29,Birmingham
B3,Birmingham
B30,Birmingham
B31,Birmingham
B32,Birmingham
B33,Birmingham
B34,Birmingham
B35,Birmingham
B36,Birmingham
B37,Birmingham
B38,Birmingham
B39,Birmingham
B4,Birmingham
B40,Birmingham
B41,Birmingham
B42,Birmingham
B43,Birmingham
B44,Birmingham
B45,Birmingham
B46,Birmingham
B47,Birmingham
B48,Birmingham
B49,Birmingham
B5,Birmingham
B50,Birmingham
B51,Birmingham
B52,Birmingham
B53,Birmingham
B54,Birmingham
B55,Birmingham
B56,Birmingham
B57,Birmingham
B58,Birmingham
B59,Birmingham
B6,Birmingham
B60,Birmingham
B61,Birmingham
B62,Birmingham
B63,Birmingham
B64,Birmingham
B65,Birmingham
B66,Birmingham
B67,Birmingham
B68,Birmingham
B69,Birmingham
B7,Birmingham
B70,Birmingham
B71,Birmingham
B72,Birmingham
B73,Birmingham
B74,Birmingham
B75,Birmingham
B76,Birmingham
B77,Birmingham
B78,Birmingham
B79,Birmingham
B8,Birmingham
B80,Birmingham
B81,Birmingham
B82,Birmingham
B83,Birmingham
B84,Birmingham
B85,Birmingham
B86,Birmingham
B87,Birmingham
B88,Birmingham
B89,Birmingham
B9,Birmingham
B90,Birmingham
B91,Birmingham
B92,Birmingham
B93,Birmingham
B94,Birmingham
B95,Birmingham
B96,Birmingham
B97,Birmingham
B98,Birmingham
B99,Birmingham
BA1,Bath
BA10,Bath
BA11,Bath
BA12,Bath
BA13,Bath
BA14,Bath
BA15,Bath
BA16,Bath
BA17,Bath
BA18,Bath
BA19,Bath
BA2,Bath
BA20,Bath
BA21,Bath
BA3,Bath
BA4,Bath
BA5,Bath
BA6,Bath
BA7,Bath
BA8,Bath
BA9,Bath
BB1,Blackburn
BB10,Blackburn
BB11,Blackburn
BB12,Blackburn
BB13,Blackburn
BB14,Blackburn
BB15,Blackburn
BB16,Blackburn
BB17,Blackburn
BB18,Blackburn
BB2,Blackburn
BB3,Blackburn
BB4,Blackburn
BB5,Blackburn
BB6,Blackburn
BB7,Blackburn
BB8,Blackburn
BB9,Blackburn
BD1,Bradford
BD10,Bradford
BD11,Bradford
BD12,Bradford
BD13,Bradford
BD14,Bradford
BD15,Bradford
BD16,Bradford
BD17,Bradford
BD18,Bradford
BD19,Bradford
BD2,Bradford
BD20,Bradford
BD21,Bradford
BD22,Bradford
BD23,Bradford
BD24,Bradford
BD3,Bradford
BD4,Bradford
BD5,Bradford
BD6,Bradford
BD7,Bradford
BD8,Bradford
BD9,Bradford
BH1,Bournemouth
BH10,Bournemouth
BH11,Bournemouth
BH12,Bournemouth
BH13,Bournemouth
BH14,Bournemouth
BH15,Bournemouth
BH16,Bournemouth
BH17,Bournemouth
BH18,Bournemouth
BH19,Bournemouth
BH2,Bournemouth
BH20,Bournemouth
BH21,Bournemouth
BH22,Bournemouth
BH23,Bournemouth
BH24,Bournemouth
BH25,Bournemouth
BH3,Bournemouth
BH4,Bournemouth
BH5,Bournemouth
BH6,Bournemouth
BH7,Bournemouth
BH8,Bournemouth
BH9,Bournemouth
BL0,Bolton
BL1,Bolton
BL2,Bolton
BL3,Bolton
BL4,Bolton
BL5,Bolton
BL6,Bolton
BL7,Bolton
BL8,Bolton
BL9,Bolton
BN1,Brighton
BN10,Brighton
BN11,Brighton
BN12,Brighton
BN13,Brighton
BN14,Brighton
BN15,Brighton
BN16,Brighton
BN17,Brighton
BN18,Brighton
BN19,Brighton
BN2,Brighton
BN20,Brighton
BN21,Brighton
BN22,Brighton
BN23,Brighton
BN24,Brighton
BN25,Brighton
BN26,Brighton
BN27,Brighton
BN28,Brighton
BN29,Brighton
BN3,Brighton
BN30,Brighton
BN31,Brighton
BN32,Brighton
BN33,Brighton
BN34,Brighton
BN35,Brighton
BN36,Brighton
BN37,Brighton
BN38,Brighton
BN39,Brighton
BN4,Brighton
BN40,Brighton
BN41,Brighton
BN42,Brighton
BN43,Brighton
BN44,Brighton
BN45,Brighton
BN5,Brighton
BN6,Brighton
BN7,Brighton
BN8,Brighton
BN9,Brighton
BR1,Bromley
BR2,Bromley
BR3,Bromley
BR4,Bromley
BR5,Bromley
BR6,Bromley
BR7,Bromley
BR8,Bromley
BS1,Bristol
BS10,Bristol
BS11,Bristol
BS12,Bristol
BS13,Bristol
BS14,Bristol
BS15,Bristol
BS16,Bristol
BS2,Bristol
BS3,Bristol
BS4,Bristol
BS5,Bristol
BS6,Bristol
BS7,Bristol
BS8,Bristol
BS9,Bristol
BT1,Belfast
BT10,Belfast
BT11,Belfast
BT12,Belfast
BT13,Belfast
BT14,Belfast
BT15,Belfast
BT16,Belfast
BT17,Belfast
BT18,Belfast
BT19,Belfast
BT2,Belfast
BT20,Belfast
BT21,Belfast
BT22,Belfast
BT23,Belfast
BT24,Belfast
BT25,Belfast
BT26,Belfast
BT27,Belfast
BT28,Belfast
BT29,Belfast
BT3,Belfast
BT30,Belfast
BT31,Belfast
BT32,Belfast
BT33,Belfast
BT34,Belfast
BT35,Belfast
BT36,Belfast
BT37,Belfast
BT38,Belfast
BT39,Belfast
BT4,Belfast
BT40,Belfast
BT41,Belfast
BT42,Belfast
BT43,Belfast
BT44,Belfast
BT45,Belfast
BT46,Belfast
BT47,Belfast
BT48,Belfast
BT49,Belfast
BT5,Belfast
BT50,Belfast
BT51,Belfast
BT52,Belfast
BT53,Belfast
BT54,Belfast
BT55,Belfast
BT56,Belfast
BT57,Belfast
BT58,Belfast
BT59,Belfast
BT6,Belfast
BT60,Belfast
BT61,Belfast
BT62,Belfast
BT63,Belfast
BT64,Belfast
BT65,Belfast
BT66,Belfast
BT67,Belfast
BT68,Belfast
BT69,Belfast
BT7,Belfast
BT70,Belfast
BT71,Belfast
BT72,Belfast
BT73,Belfast
BT74,Belfast
BT75,Belfast
BT76,Belfast
BT77,Belfast
BT78,Belfast
BT79,Belfast
BT8,Belfast
BT80,Belfast
BT81,Belfast
BT82,Belfast
BT83,Belfast
BT84,Belfast
BT85,Belfast
BT86,Belfast
BT87,Belfast
BT88,Belfast
BT89,Belfast
BT9,Belfast
BT90,Belfast
BT91,Belfast
BT92,Belfast
BT93,Belfast
BT94,Belfast
BT95,Belfast
BT96,Belfast
BT97,Belfast
BT98,Belfast
BT99,Belfast
CA1,Carlisle
CA10,Carlisle
CA11,Carlisle
CA12,Carlisle
CA13,Carlisle
CA14,Carlisle
CA15,Carlisle
CA16,Carlisle
CA17,Carlisle
CA18,Carlisle
CA19,Carlisle
CA2,Carlisle
CA20,Carlisle
CA21,Carlisle
CA22,Carlisle
CA23,Carlisle
CA24,Carlisle
CA25,Carlisle
CA26,Carlisle
CA27,Carlisle
CA28,Carlisle
CA3,Carlisle
CA4,Carlisle
CA5,Carlisle
CA6,Carlisle
CA7,Carlisle
CA8,Carlisle
CA9,Carlisle
CB1,Cambridge
CB10,Cambridge
CB11,Cambridge
CB12,Cambridge
CB13,Cambridge
CB14,Cambridge
CB15,Cambridge
CB16,Cambridge
CB17,Cambridge
CB18,Cambridge
CB19,Cambridge
CB2,Cambridge
CB20,Cambridge
CB21,Cambridge
CB22,Cambridge
CB23,Cambridge
CB24,Cambridge
CB25,Cambridge
CB3,Cambridge
CB4,Cambridge
CB5,Cambridge
CB6,Cambridge
CB7,Cambridge
CB8,Cambridge
CB9,Cambridge
CF1,Cardiff
CF10,Cardiff
CF11,Cardiff
CF12,Cardiff
CF13,Cardiff
CF14,Cardiff
CF15,Cardiff
CF16,Cardiff
CF17,Cardiff
CF18,Cardiff
CF19,Cardiff
CF2,Cardiff
CF20,Cardiff
CF21,Cardiff
CF22,Cardiff
CF23,Cardiff
CF24,Cardiff
CF25,Cardiff
CF26,Cardiff
CF27,Cardiff
CF28,Cardiff
CF29,Cardiff
CF3,Cardiff
CF30,Cardiff
CF31,Cardiff
CF32,Cardiff
CF33,Cardiff
CF34,Cardiff
CF35,Cardiff
CF36,Cardiff
CF37,Cardiff
CF38,Cardiff
CF39,Cardiff
CF4,Cardiff
CF40,Cardiff
CF41,Cardiff
CF42,Cardiff
CF43,Cardiff
CF44,Cardiff
CF45,Cardiff
CF46,Cardiff
CF47,Cardiff
CF5,Cardiff
CF6,Cardiff
CF7,Cardiff
CF8,Cardiff
CF9,Cardiff
CH1,Chester
CH10,Chester
CH11,Chester
CH12,Chester
CH13,Chester
CH14,Chester
CH15,Chester
CH16,Chester
CH17,Chester
CH18,Chester
CH19,Chester
CH2,Chester
CH20,Chester
CH21,Chester
CH22,Chester
CH23,Chester
CH24,Chester
CH25,Chester
CH26,Chester
CH27,Chester
CH28,Chester
CH29,Chester
CH3,Chester
CH30,Chester
CH31,Chester
CH32,Chester
CH33,Chester
CH34,Chester
CH35,Chester
CH36,Chester
CH37,Chester
CH38,Chester
CH39,Chester
CH4,Chester
CH40,Chester
CH41,Chester
CH42,Chester
CH43,Chester
CH44,Chester
CH45,Chester
CH46,Chester
CH47,Chester
CH48,Chester
CH49,Chester
CH5,Chester
CH50,Chester
CH51,Chester
CH52,Chester
CH53,Chester
CH54,Chester
CH55,Chester
CH56,Chester
CH57,Chester
CH58,Chester
CH59,Chester
CH6,Chester
CH60,Chester
CH61,Chester
CH62,Chester
CH63,Chester
CH64,Chester
CH65,Chester
CH66,Chester
CH7,Chester
CH8,Chester
CH9,Chester
CM0,Chelmsford
CM1,Chelmsford
CM10,Chelmsford
CM11,Chelmsford
CM12,Chelmsford
CM13,Chelmsford
CM14,Chelmsford
CM15,Chelmsford
CM16,Chelmsford
CM17,Chelmsford
CM18,Chelmsford
CM19,Chelmsford
CM2,Chelmsford
CM20,Chelmsford
CM21,Chelmsford
CM22,Chelmsford
CM23,Chelmsford
CM3,Chelmsford
CM4,Chelmsford
CM5,Chelmsford
CM6,Chelmsford
CM7,Chelmsford
CM8,Chelmsford
CM9,Chelmsford
CO1,Colchester
CO10,Colchester
CO11,Colchester
CO12,Colchester
CO13,Colchester
CO14,Colchester
CO15,Colchester
CO16,Colchester
CO2,Colchester
CO3,Colchester
CO4,Colchester
CO5,Colchester
CO6,Colchester
CO7,Colchester
CO8,Colchester
CO9,Colchester
CR0,Croydon
CR1,Croydon
CR2,Croydon
CR3,Croydon
CR4,Croydon
CR5,Croydon
CR6,Croydon
CR7,Croydon
CR8,Croydon
CR9,Croydon
CT1,Canterbury
CT10,Canterbury
CT11,Canterbury
CT12,Canterbury
CT13,Canterbury
CT14,Canterbury
CT15,Canterbury
CT16,Canterbury
CT17,Canterbury
CT18,Canterbury
CT19,Canterbury
CT2,Canterbury
CT20,Canterbury
CT21,Canterbury
CT3,Canterbury
CT4,Canterbury
CT5,Canterbury
CT6,Canterbury
CT7,Canterbury
CT8,Canterbury
CT9,Canterbury
CV0,Coventry
CV1,Coventry
CV10,Coventry
CV11,Coventry
CV12,Coventry
CV13,Coventry
CV14,Coventry
CV15,Coventry
CV16,Coventry
CV17,Coventry
CV18,Coventry
CV19,Coventry
CV2,Coventry
CV20,Coventry
CV21,Coventry
CV22,Coventry
CV23,Coventry
CV24,Coventry
CV25,Coventry
CV26,Coventry
CV27,Coventry
CV28,Coventry
CV29,Coventry
CV3,Coventry
CV30,Coventry
CV31,Coventry
CV32,Coventry
CV33,Coventry
CV34,Coventry
CV35,Coventry
CV36,Coventry
CV37,Coventry
CV38,Coventry
CV39,Coventry
CV4,Coventry
CV40,Coventry
CV41,Coventry
CV42,Coventry
CV43,Coventry
CV44,Coventry
CV45,Coventry
CV46,Coventry
CV47,Coventry
CV5,Coventry
CV6,Coventry
CV7,Coventry
CV8,Coventry
CV9,Coventry
CW1,Crewe
CW10,Crewe
CW11,Crewe
CW12,Crewe
CW2,Crewe
CW3,Crewe
CW4,Crewe
CW5,Crewe
CW6,Crewe
CW7,Crewe
CW8,Crewe
CW9,Crewe
DA1,Dartford
DA10,Dartford
DA11,Dartford
DA12,Dartford
DA13,Dartford
DA14,Dartford
DA2,Dartford
DA3,Dartford
DA4,Dartford
DA5,Dartford
DA6,Dartford
DA7,Dartford
DA8,Dartford
DA9,Dartford
DD1,Dundee
DD10,Dundee
DD11,Dundee
DD2,Dundee
DD3,Dundee
DD4,Dundee
DD5,Dundee
DD6,Dundee
DD7,Dundee
DD8,Dundee
DD9,Dundee
DE1,Derby
DE10,Derby
DE11,Derby
DE12,Derby
DE13,Derby
DE14,Derby
DE15,Derby
DE16,Derby
DE17,Derby
DE18,Derby
DE19,Derby
DE2,Derby
DE20,Derby
DE21,Derby
DE22,Derby
DE23,Derby
DE24,Derby
DE25,Derby
DE26,Derby
DE27,Derby
DE28,Derby
DE29,Derby
DE3,Derby
DE30,Derby
DE31,Derby
DE32,Derby
DE33,Derby
DE34,Derby
DE35,Derby
DE36,Derby
DE37,Derby
DE38,Derby
DE39,Derby
DE4,Derby
DE40,Derby
DE41,Derby
DE42,Derby
DE43,Derby
DE44,Derby
DE45,Derby
DE46,Derby
DE47,Derby
DE48,Derby
DE49,Derby
DE5,Derby
DE50,Derby
DE51,Derby
DE52,Derby
DE53,Derby
DE54,Derby
DE55,Derby
DE56,Derby
DE57,Derby
DE58,Derby
DE59,Derby
DE6,Derby
DE60,Derby
DE61,Derby
DE62,Derby
DE63,Derby
DE64,Derby
DE65,Derby
DE66,Derby
DE67,Derby
DE68,Derby
DE69,Derby
DE7,Derby
DE70,Derby
DE71,Derby
DE72,Derby
DE73,Derby
DE74,Derby
DE75,Derby
DE8,Derby
DE9,Derby
DG1,Dumfries
DG10,Dumfries
DG11,Dumfries
DG12,Dumfries
DG13,Dumfries
DG14,Dumfries
DG15,Dumfries
DG16,Dumfries
DG2,Dumfries
DG3,Dumfries
DG4,Dumfries
DG5,Dumfries
DG6,Dumfries
DG7,Dumfries
DG8,Dumfries
DG9,Dumfries
DH1,Durham
DH2,Durham
DH3,Durham
DH4,Durham
DH5,Durham
DH6,Durham
DH7,Durham
DH8,Durham
DH9,Durham
DL1,Darlington
DL10,Darlington
DL11,Darlington
DL12,Darlington
DL13,Darlington
DL14,Darlington
DL15,Darlington
DL16,Darlington
DL17,Darlington
DL2,Darlington
DL3,Darlington
DL4,Darlington
DL5,Darlington
DL6,Darlington
DL7,Darlington
DL8,Darlington
DL9,Darlington
DN1,Doncaster
DN10,Doncaster
DN11,Doncaster
DN12,Doncaster
DN13,Doncaster
DN14,Doncaster
DN15,Doncaster
DN16,Doncaster
DN17,Doncaster
DN18,Doncaster
DN19,Doncaster
DN2,Doncaster
DN20,Doncaster
DN21,Doncaster
DN22,Doncaster
DN23,Doncaster
DN24,Doncaster
DN25,Doncaster
DN26,Doncaster
DN27,Doncaster
DN28,Doncaster
DN29,Doncaster
DN3,Doncaster
DN30,Doncaster
DN31,Doncaster
DN32,Doncaster
DN33,Doncaster
DN34,Doncaster
DN35,Doncaster
DN36,Doncaster
DN37,Doncaster
DN38,Doncaster
DN39,Doncaster
DN4,Doncaster
DN40,Doncaster
DN5,Doncaster
DN6,Doncaster
DN7,Doncaster
DN8,Doncaster
DN9,Doncaster
DT1,Dorchester
DT10,Dorchester
DT11,Dorchester
DT2,Dorchester
DT3,Dorchester
DT4,Dorchester
DT5,Dorchester
DT6,Dorchester
DT7,Dorchester
DT8,Dorchester
DT9,Dorchester
DY1,Dudley
DY10,Dudley
DY11,Dudley
DY12,Dudley
DY13,Dudley
DY2,Dudley
DY3,Dudley
DY4,Dudley
DY5,Dudley
DY6,Dudley
DY7,Dudley
DY8,Dudley
DY9,Dudley
E1,London
E10,London
E11,London
E12,London
E13,London
E14,London
E15,London
E16,London
E17,London
E18,London
E2,London
E3,London
E4,London
E5,London
E6,London
E7,London
E8,London
E9,London
EC1,London
EC2,London
EC3,London
EC4,London
EH1,Edinburgh
EH10,Edinburgh
EH11,Edinburgh
EH12,Edinburgh
EH13,Edinburgh
EH14,Edinburgh
EH15,Edinburgh
EH16,Edinburgh
EH17,Edinburgh
EH18,Edinburgh
EH19,Edinburgh
EH2,Edinburgh
EH20,Edinburgh
EH21,Edinburgh
EH22,Edinburgh
EH23,Edinburgh
EH24,Edinburgh
EH25,Edinburgh
EH26,Edinburgh
EH27,Edinburgh
EH28,Edinburgh
EH29,Edinburgh
EH3,Edinburgh
EH30,Edinburgh
EH31,Edinburgh
EH32,Edinburgh
EH33,Edinburgh
EH34,Edinburgh
EH35,Edinburgh
EH36,Edinburgh
EH37,Edinburgh
EH38,Edinburgh
EH39,Edinburgh
EH4,Edinburgh
EH40,Edinburgh
EH41,Edinburgh
EH42,Edinburgh
EH43,Edinburgh
EH44,Edinburgh
EH45,Edinburgh
EH46,Edinburgh
EH47,Edinburgh
EH48,Edinburgh
EH49,Edinburgh
EH5,Edinburgh
EH50,Edinburgh
EH51,Edinburgh
EH52,Edinburgh
EH53,Edinburgh
EH54,Edinburgh
EH55,Edinburgh
EH56,Edinburgh
EH57,Edinburgh
EH58,Edinburgh
EH59,Edinburgh
EH6,Edinburgh
EH60,Edinburgh
EH61,Edinburgh
EH62,Edinburgh
EH63,Edinburgh
EH64,Edinburgh
EH65,Edinburgh
EH66,Edinburgh
EH67,Edinburgh
EH68,Edinburgh
EH69,Edinburgh
EH7,Edinburgh
EH70,Edinburgh
EH71,Edinburgh
EH72,Edinburgh
EH73,Edinburgh
EH74,Edinburgh
EH75,Edinburgh
EH76,Edinburgh
EH77,Edinburgh
EH78,Edinburgh
EH79,Edinburgh
EH8,Edinburgh
EH80,Edinburgh
EH81,Edinburgh
EH82,Edinburgh
EH83,Edinburgh
EH84,Edinburgh
EH85,Edinburgh
EH86,Edinburgh
EH87,Edinburgh
EH88,Edinburgh
EH89,Edinburgh
EH9,Edinburgh
EH90,Edinburgh
EH91,Edinburgh
EH92,Edinburgh
EH93,Edinburgh
EH94,Edinburgh
EH95,Edinburgh
EH96,Edinburgh
EH97,Edinburgh
EH98,Edinburgh
EH99,Edinburgh
EN1,Enfield
EN10,Enfield
EN11,Enfield
EN2,Enfield
EN3,Enfield
EN4,Enfield
EN5,Enfield
EN6,Enfield
EN7,Enfield
EN8,Enfield
EN9,Enfield
EX1,Exeter
EX10,Exeter
EX11,Exeter
EX12,Exeter
EX13,Exeter
EX14,Exeter
EX15,Exeter
EX16,Exeter
EX17,Exeter
EX18,Exeter
EX19,Exeter
EX2,Exeter
EX20,Exeter
EX21,Exeter
EX22,Exeter
EX23,Exeter
EX3,Exeter
EX4,Exeter
EX5,Exeter
EX6,Exeter
EX7,Exeter
EX8,Exeter
EX9,Exeter
FK1,Falkirk
FK10,Falkirk
FK11,Falkirk
FK12,Falkirk
FK13,Falkirk
FK14,Falkirk
FK15,Falkirk
FK16,Falkirk
FK17,Falkirk
FK18,Falkirk
FK19,Falkirk
FK2,Falkirk
FK20,Falkirk
FK21,Falkirk
FK3,Falkirk
FK4,Falkirk
FK5,Falkirk
FK6,Falkirk
FK7,Falkirk
FK8,Falkirk
FK9,Falkirk
FY0,Blackpool
FY1,Blackpool
FY2,Blackpool
FY3,Blackpool
FY4,Blackpool
FY5,Blackpool
FY6,Blackpool
FY7,Blackpool
FY8,Blackpool
G0,Glasgow
G1,Glasgow
G10,Glasgow
G11,Glasgow
G12,Glasgow
G13,Glasgow
G14,Glasgow
G15,Glasgow
G16,Glasgow
G17,Glasgow
G18,Glasgow
G19,Glasgow
G2,Glasgow
G20,Glasgow
G21,Glasgow
G22,Glasgow
G23,Glasgow
G24,Glasgow
G25,Glasgow
G26,Glasgow
G27,Glasgow
G28,Glasgow
G29,Glasgow
G3,Glasgow
G30,Glasgow
G31,Glasgow
G32,Glasgow
G33,Glasgow
G34,Glasgow
G35,Glasgow
G36,Glasgow
G37,Glasgow
G38,Glasgow
G39,Glasgow
G4,Glasgow
G40,Glasgow
G41,Glasgow
G42,Glasgow
G43,Glasgow
G44,Glasgow
G45,Glasgow
G46,Glasgow
G47,Glasgow
G48,Glasgow
G49,Glasgow
G5,Glasgow
G50,Glasgow
G51,Glasgow
G52,Glasgow
G53,Glasgow
G54,Glasgow
G55,Glasgow
G56,Glasgow
G57,Glasgow
G58,Glasgow
G59,Glasgow
G6,Glasgow
G60,Glasgow
G61,Glasgow
G62,Glasgow
G63,Glasgow
G64,Glasgow
G65,Glasgow
G66,Glasgow
G67,Glasgow
G68,Glasgow
G69,Glasgow
G7,Glasgow
G70,Glasgow
G71,Glasgow
G72,Glasgow
G73,Glasgow
G74,Glasgow
G75,Glasgow
G76,Glasgow
G77,Glasgow
G78,Glasgow
G79,Glasgow
G8,Glasgow
G80,Glasgow
G81,Glasgow
G82,Glasgow
G83,Glasgow
G84,Glasgow
G85,Glasgow
G86,Glasgow
G87,Glasgow
G88,Glasgow
G89,Glasgow
G9,Glasgow
G90,Glasgow
G91,Glasgow
G92,Glasgow
G93,Glasgow
G94,Glasgow
G95,Glasgow
G96,Glasgow
G97,Glasgow
G98,Glasgow
G99,Glasgow
GL1,Gloucester
GL10,Gloucester
GL11,Gloucester
GL12,Gloucester
GL13,Gloucester
GL14,Gloucester
GL15,Gloucester
GL16,Gloucester
GL17,Gloucester
GL18,Gloucester
GL19,Gloucester
GL2,Gloucester
GL20,Gloucester
GL21,Gloucester
GL22,Gloucester
GL23,Gloucester
GL24,Gloucester
GL25,Gloucester
GL26,Gloucester
GL27,Gloucester
GL28,Gloucester
GL29,Gloucester
GL3,Gloucester
GL30,Gloucester
GL31,Gloucester
GL32,Gloucester
GL33,Gloucester
GL34,Gloucester
GL35,Gloucester
GL36,Gloucester
GL37,Gloucester
GL38,Gloucester
GL39,Gloucester
GL4,Gloucester
GL40,Gloucester
GL41,Gloucester
GL42,Gloucester
GL43,Gloucester
GL44,Gloucester
GL45,Gloucester
GL46,Gloucester
GL47,Gloucester
GL48,Gloucester
GL49,Gloucester
GL5,Gloucester
GL50,Gloucester
GL51,Gloucester
GL52,Gloucester
GL53,Gloucester
GL54,Gloucester
GL55,Gloucester
GL56,Gloucester
GL6,Gloucester
GL7,Gloucester
GL8,Gloucester
GL9,Gloucester
GU1,Guildford
GU10,Guildford
GU11,Guildford
GU12,Guildford
GU13,Guildford
GU14,Guildford
GU15,Guildford
GU16,Guildford
GU17,Guildford
GU18,Guildford
GU19,Guildford
GU2,Guildford
GU20,Guildford
GU21,Guildford
GU22,Guildford
GU23,Guildford
GU24,Guildford
GU25,Guildford
GU26,Guildford
GU27,Guildford
GU28,Guildford
GU29,Guildford
GU3,Guildford
GU30,Guildford
GU31,Guildford
GU32,Guildford
GU33,Guildford
GU34,Guildford
GU35,Guildford
GU4,Guildford
GU5,Guildford
GU6,Guildford
GU7,Guildford
GU8,Guildford
GU9,Guildford
HA0,Harrow
HA1,Harrow
HA2,Harrow
HA3,Harrow
HA4,Harrow
HA5,Harrow
HA6,Harrow
HA7,Harrow
HA8,Harrow
HA9,Harrow
HD1,Huddersfield
HD2,Huddersfield
HD3,Huddersfield
HD4,Huddersfield
HD5,Huddersfield
HD6,Huddersfield
HD7,Huddersfield
HD8,Huddersfield
HG1,Harrogate
HG2,Harrogate
HG3,Harrogate
HG4,Harrogate
HG5,Harrogate
HP1,Hemel Hempstead
HP10,Hemel Hempstead
HP11,Hemel Hempstead
HP12,Hemel Hempstead
HP13,Hemel Hempstead
HP14,Hemel Hempstead
HP15,Hemel Hempstead
HP16,Hemel Hempstead
HP17,Hemel Hempstead
HP18,Hemel Hempstead
HP19,Hemel Hempstead
HP2,Hemel Hempstead
HP20,Hemel Hempstead
HP21,Hemel Hempstead
HP22,Hemel Hempstead
HP23,Hemel Hempstead
HP3,Hemel Hempstead
HP4,Hemel Hempstead
HP5,Hemel Hempstead
HP6,Hemel Hempstead
HP7,Hemel Hempstead
HP8,Hemel Hempstead
HP9,Hemel Hempstead
HR1,Hereford
HR2,Hereford
HR3,Hereford
HR4,Hereford
HR5,Hereford
HR6,Hereford
HR7,Hereford
HR8,Hereford
HR9,Hereford
HU1,Hull
HU10,Hull
HU11,Hull
HU12,Hull
HU13,Hull
HU14,Hull
HU15,Hull
HU16,Hull
HU17,Hull
HU2,Hull
HU3,Hull
HU4,Hull
HU5,Hull
HU6,Hull
HU7,Hull
HU8,Hull
HU9,Hull
HX1,Halifax
HX2,Halifax
HX3,Halifax
HX4,Halifax
HX5,Halifax
HX6,Halifax
HX7,Halifax
IG1,Ilford
IG10,Ilford
IG11,Ilford
IG2,Ilford
IG3,Ilford
IG4,Ilford
IG5,Ilford
IG6,Ilford
IG7,Ilford
IG8,Ilford
IG9,Ilford
IP1,Ipswich
IP10,Ipswich
IP11,Ipswich
IP12,Ipswich
IP13,Ipswich
IP14,Ipswich
IP15,Ipswich
IP16,Ipswich
IP17,Ipswich
IP18,Ipswich
IP19,Ipswich
IP2,Ipswich
IP20,Ipswich
IP21,Ipswich
IP22,Ipswich
IP23,Ipswich
IP24,Ipswich
IP25,Ipswich
IP26,Ipswich
IP27,Ipswich
IP28,Ipswich
IP29,Ipswich
IP3,Ipswich
IP30,Ipswich
IP31,Ipswich
IP32,Ipswich
IP33,Ipswich
IP4,Ipswich
IP5,Ipswich
IP6,Ipswich
IP7,Ipswich
IP8,Ipswich
IP9,Ipswich
IV0,Inverness
IV1,Inverness
IV10,Inverness
IV11,Inverness
IV12,Inverness
IV13,Inverness
IV14,Inverness
IV15,Inverness
IV16,Inverness
IV17,Inverness
IV18,Inverness
IV19,Inverness
IV2,Inverness
IV20,Inverness
IV21,Inverness
IV22,Inverness
IV23,Inverness
IV24,Inverness
IV25,Inverness
IV26,Inverness
IV27,Inverness
IV28,Inverness
IV29,Inverness
IV3,Inverness
IV30,Inverness
IV31,Inverness
IV32,Inverness
IV33,Inverness
IV34,Inverness
IV35,Inverness
IV36,Inverness
IV37,Inverness
IV38,Inverness
IV39,Inverness
IV4,Inverness
IV40,Inverness
IV41,Inverness
IV42,Inverness
IV43,Inverness
IV44,Inverness
IV45,Inverness
IV46,Inverness
IV47,Inverness
IV48,Inverness
IV49,Inverness
IV5,Inverness
IV50,Inverness
IV51,Inverness
IV52,Inverness
IV53,Inverness
IV54,Inverness
IV55,Inverness
IV56,Inverness
IV57,Inverness
IV58,Inverness
IV59,Inverness
IV6,Inverness
IV60,Inverness
IV61,Inverness
IV62,Inverness
IV63,Inverness
IV7,Inverness
IV8,Inverness
IV9,Inverness
KA1,Kilmarnock
KA10,Kilmarnock
KA11,Kilmarnock
KA12,Kilmarnock
KA13,Kilmarnock
KA14,Kilmarnock
KA15,Kilmarnock
KA16,Kilmarnock
KA17,Kilmarnock
KA18,Kilmarnock
KA19,Kilmarnock
KA2,Kilmarnock
KA20,Kilmarnock
KA21,Kilmarnock
KA22,Kilmarnock
KA23,Kilmarnock
KA24,Kilmarnock
KA25,Kilmarnock
KA26,Kilmarnock
KA27,Kilmarnock
KA28,Kilmarnock
KA29,Kilmarnock
KA3,Kilmarnock
KA30,Kilmarnock
KA4,Kilmarnock
KA5,Kilmarnock
KA6,Kilmarnock
KA7,Kilmarnock
KA8,Kilmarnock
KA9,Kilmarnock
KT1,Kingston upon Thames
KT10,Kingston upon Thames
KT11,Kingston upon Thames
KT12,Kingston upon Thames
KT13,Kingston upon Thames
KT14,Kingston upon Thames
KT15,Kingston upon Thames
KT16,Kingston upon Thames
KT17,Kingston upon Thames
KT18,Kingston upon Thames
KT19,Kingston upon Thames
KT2,Kingston upon Thames
KT20,Kingston upon Thames
KT21,Kingston upon Thames
KT22,Kingston upon Thames
KT23,Kingston upon Thames
KT3,Kingston upon Thames
KT4,Kingston upon Thames
KT5,Kingston upon Thames
KT6,Kingston upon Thames
KT7,Kingston upon Thames
KT8,Kingston upon Thames
KT9,Kingston upon Thames
KW1,Kirkwall
KW10,Kirkwall
KW11,Kirkwall
KW12,Kirkwall
KW13,Kirkwall
KW14,Kirkwall
KW15,Kirkwall
KW16,Kirkwall
KW17,Kirkwall
KW2,Kirkwall
KW3,Kirkwall
KW4,Kirkwall
KW5,Kirkwall
KW6,Kirkwall
KW7,Kirkwall
KW8,Kirkwall
KW9,Kirkwall
KY1,Kirkcaldy
KY10,Kirkcaldy
KY11,Kirkcaldy
KY12,Kirkcaldy
KY13,Kirkcaldy
KY14,Kirkcaldy
KY15,Kirkcaldy
KY16,Kirkcaldy
KY2,Kirkcaldy
KY3,Kirkcaldy
KY4,Kirkcaldy
KY5,Kirkcaldy
KY6,Kirkcaldy
KY7,Kirkcaldy
KY8,Kirkcaldy
KY9,Kirkcaldy
L1,Liverpool
L10,Liverpool
L11,Liverpool
L12,Liverpool
L13,Liverpool
L14,Liverpool
L15,Liverpool
L16,Liverpool
L17,Liverpool
L18,Liverpool
L19,Liverpool
L2,Liverpool
L20,Liverpool
L21,Liverpool
L22,Liverpool
L23,Liverpool
L24,Liverpool
L25,Liverpool
L26,Liverpool
L27,Liverpool
L28,Liverpool
L29,Liverpool
L3,Liverpool
L30,Liverpool
L31,Liverpool
L32,Liverpool
L33,Liverpool
L34,Liverpool
L35,Liverpool
L36,Liverpool
L37,Liverpool
L38,Liverpool
L39,Liverpool
L4,Liverpool
L40,Liverpool
L5,Liverpool
L6,Liverpool
L7,Liverpool
L8,Liverpool
L9,Liverpool
LA1,Lancaster
LA10,Lancaster
LA11,Lancaster
LA12,Lancaster
LA13,Lancaster
LA14,Lancaster
LA15,Lancaster
LA16,Lancaster
LA17,Lancaster
LA18,Lancaster
LA19,Lancaster
LA2,Lancaster
LA20,Lancaster
LA21,Lancaster
LA22,Lancaster
LA23,Lancaster
LA3,Lancaster
LA4,Lancaster
LA5,Lancaster
LA6,Lancaster
LA7,Lancaster
LA8,Lancaster
LA9,Lancaster
LD1,Llandrindod Wells
LD2,Llandrindod Wells
LD3,Llandrindod Wells
LD4,Llandrindod Wells
LD5,Llandrindod Wells
LD6,Llandrindod Wells
LD7,Llandrindod Wells
LD8,Llandrindod Wells
LE1,Leicester
LE10,Leicester
LE11,Leicester
LE12,Leicester
LE13,Leicester
LE14,Leicester
LE15,Leicester
LE16,Leicester
LE17,Leicester
LE18,Leicester
LE19,Leicester
LE2,Leicester
LE20,Leicester
LE21,Leicester
LE22,Leicester
LE23,Leicester
LE24,Leicester
LE25,Leicester
LE26,Leicester
LE27,Leicester
LE28,Leicester
LE29,Leicester
LE3,Leicester
LE30,Leicester
LE31,Leicester
LE32,Leicester
LE33,Leicester
LE34,Leicester
LE35,Leicester
LE36,Leicester
LE37,Leicester
LE38,Leicester
LE39,Leicester
LE4,Leicester
LE40,Leicester
LE41,Leicester
LE42,Leicester
LE43,Leicester
LE44,Leicester
LE45,Leicester
LE46,Leicester
LE47,Leicester
LE48,Leicester
LE49,Leicester
LE5,Leicester
LE50,Leicester
LE51,Leicester
LE52,Leicester
LE53,Leicester
LE54,Leicester
LE55,Leicester
LE56,Leicester
LE57,Leicester
LE58,Leicester
LE59,Leicester
LE6,Leicester
LE60,Leicester
LE61,Leicester
LE62,Leicester
LE63,Leicester
LE64,Leicester
LE65,Leicester
LE66,Leicester
LE67,Leicester
LE7,Leicester
LE8,Leicester
LE9,Leicester
LL1,Llandudno
LL10,Llandudno
LL11,Llandudno
LL12,Llandudno
LL13,Llandudno
LL14,Llandudno
LL15,Llandudno
LL16,Llandudno
LL17,Llandudno
LL18,Llandudno
LL19,Llandudno
LL2,Llandudno
LL20,Llandudno
LL21,Llandudno
LL22,Llandudno
LL23,Llandudno
LL24,Llandudno
LL25,Llandudno
LL26,Llandudno
LL27,Llandudno
LL28,Llandudno
LL29,Llandudno
LL3,Llandudno
LL30,Llandudno
LL31,Llandudno
LL32,Llandudno
LL33,Llandudno
LL34,Llandudno
LL35,Llandudno
LL36,Llandudno
LL37,Llandudno
LL38,Llandudno
LL39,Llandudno
LL4,Llandudno
LL40,Llandudno
LL41,Llandudno
LL42,Llandudno
LL43,Llandudno
LL44,Llandudno
LL45,Llandudno
LL46,Llandudno
LL47,Llandudno
LL48,Llandudno
LL49,Llandudno
LL5,Llandudno
LL50,Llandudno
LL51,Llandudno
LL52,Llandudno
LL53,Llandudno
LL54,Llandudno
LL55,Llandudno
LL56,Llandudno
LL57,Llandudno
LL58,Llandudno
LL59,Llandudno
LL6,Llandudno
LL60,Llandudno
LL61,Llandudno
LL62,Llandudno
LL63,Llandudno
LL64,Llandudno
LL65,Llandudno
LL66,Llandudno
LL67,Llandudno
LL68,Llandudno
LL69,Llandudno
LL7,Llandudno
LL70,Llandudno
LL71,Llandudno
LL72,Llandudno
LL73,Llandudno
LL74,Llandudno
LL75,Llandudno
LL76,Llandudno
LL77,Llandudno
LL78,Llandudno
LL8,Llandudno
LL9,Llandudno
LN1,Lincoln
LN10,Lincoln
LN11,Lincoln
LN12,Lincoln
LN13,Lincoln
LN2,Lincoln
LN3,Lincoln
LN4,Lincoln
LN5,Lincoln
LN6,Lincoln
LN7,Lincoln
LN8,Lincoln
LN9,Lincoln
LS1,Leeds
LS10,Leeds
LS11,Leeds
LS12,Leeds
LS13,Leeds
LS14,Leeds
LS15,Leeds
LS16,Leeds
LS17,Leeds
LS18,Leeds
LS19,Leeds
LS2,Leeds
LS20,Leeds
LS21,Leeds
LS22,Leeds
LS23,Leeds
LS24,Leeds
LS25,Leeds
LS26,Leeds
LS27,Leeds
LS28,Leeds
LS29,Leeds
LS3,Leeds
LS4,Leeds
LS5,Leeds
LS6,Leeds
LS7,Leeds
LS8,Leeds
LS9,Leeds
LU1,Luton
LU2,Luton
LU3,Luton
LU4,Luton
LU5,Luton
LU6,Luton
LU7,Luton
M1,Manchester
M10,Manchester
M11,Manchester
M12,Manchester
M13,Manchester
M14,Manchester
M15,Manchester
M16,Manchester
M17,Manchester
M18,Manchester
M19,Manchester
M2,Manchester
M20,Manchester
M21,Manchester
M22,Manchester
M23,Manchester
M24,Manchester
M25,Manchester
M26,Manchester
M27,Manchester
M28,Manchester
M29,Manchester
M3,Manchester
M30,Manchester
M31,Manchester
M32,Manchester
M33,Manchester
M34,Manchester
M35,Manchester
M36,Manchester
M37,Manchester
M38,Manchester
M39,Manchester
M4,Manchester
M40,Manchester
M41,Manchester
M42,Manchester
M43,Manchester
M44,Manchester
M45,Manchester
M46,Manchester
M47,Manchester
M48,Manchester
M49,Manchester
M5,Manchester
M50,Manchester
M51,Manchester
M52,Manchester
M53,Manchester
M54,Manchester
M55,Manchester
M56,Manchester
M57,Manchester
M58,Manchester
M59,Manchester
M6,Manchester
M60,Manchester
M61,Manchester
M62,Manchester
M63,Manchester
M64,Manchester
M65,Manchester
M66,Manchester
M67,Manchester
M68,Manchester
M69,Manchester
M7,Manchester
M70,Manchester
M71,Manchester
M72,Manchester
M73,Manchester
M74,Manchester
M75,Manchester
M76,Manchester
M77,Manchester
M78,Manchester
M79,Manchester
M8,Manchester
M80,Manchester
M81,Manchester
M82,Manchester
M83,Manchester
M84,Manchester
M85,Manchester
M86,Manchester
M87,Manchester
M88,Manchester
M89,Manchester
M9,Manchester
M90,Manchester
M91,Manchester
M92,Manchester
M93,Manchester
M94,Manchester
M95,Manchester
M96,Manchester
M97,Manchester
M98,Manchester
M99,Manchester
ME1,Medway
ME10,Medway
ME11,Medway
ME12,Medway
ME13,Medway
ME14,Medway
ME15,Medway
ME16,Medway
ME17,Medway
ME18,Medway
ME19,Medway
ME2,Medway
ME20,Medway
ME3,Medway
ME4,Medway
ME5,Medway
ME6,Medway
ME7,Medway
ME8,Medway
ME9,Medway
MK1,Milton Keynes
MK10,Milton Keynes
MK11,Milton Keynes
MK12,Milton Keynes
MK13,Milton Keynes
MK14,Milton Keynes
MK15,Milton Keynes
MK16,Milton Keynes
MK17,Milton Keynes
MK18,Milton Keynes
MK19,Milton Keynes
MK2,Milton Keynes
MK3,Milton Keynes
MK4,Milton Keynes
MK5,Milton Keynes
MK6,Milton Keynes
MK7,Milton Keynes
MK8,Milton Keynes
MK9,Milton Keynes
ML1,Motherwell
ML10,Motherwell
ML11,Motherwell
ML12,Motherwell
ML2,Motherwell
ML3,Motherwell
ML4,Motherwell
ML5,Motherwell
ML6,Motherwell
ML7,Motherwell
ML8,Motherwell
ML9,Motherwell
N1,London
N10,London
N11,London
N12,London
N13,London
N14,London
N15,London
N16,London
N17,London
N18,London
N19,London
N2,London
N20,London
N21,London
N22,London
N3,London
N4,London
N5,London
N6,London
N7,London
N8,London
N9,London
NE1,Newcastle upon Tyne
NE10,Newcastle upon Tyne
NE11,Newcastle upon Tyne
NE12,Newcastle upon Tyne
NE13,Newcastle upon Tyne
NE14,Newcastle upon Tyne
NE15,Newcastle upon Tyne
NE16,Newcastle upon Tyne
NE17,Newcastle upon Tyne
NE18,Newcastle upon Tyne
NE19,Newcastle upon Tyne
NE2,Newcastle upon Tyne
NE20,Newcastle upon Tyne
NE21,Newcastle upon Tyne
NE22,Newcastle upon Tyne
NE23,Newcastle upon Tyne
NE24,Newcastle upon Tyne
NE25,Newcastle upon Tyne
NE26,Newcastle upon Tyne
NE27,Newcastle upon Tyne
NE28,Newcastle upon Tyne
NE29,Newcastle upon Tyne
NE3,Newcastle upon Tyne
NE30,Newcastle upon Tyne
NE31,Newcastle upon Tyne
NE32,Newcastle upon Tyne
NE33,Newcastle upon Tyne
NE34,Newcastle upon Tyne
NE35,Newcastle upon Tyne
NE36,Newcastle upon Tyne
NE37,Newcastle upon Tyne
NE38,Newcastle upon Tyne
NE39,Newcastle upon Tyne
NE4,Newcastle upon Tyne
NE40,Newcastle upon Tyne
NE41,Newcastle upon Tyne
NE42,Newcastle upon Tyne
NE43,Newcastle upon Tyne
NE44,Newcastle upon Tyne
NE45,Newcastle upon Tyne
NE46,Newcastle upon Tyne
NE47,Newcastle upon Tyne
NE48,Newcastle upon Tyne
NE49,Newcastle upon Tyne
NE5,Newcastle upon Tyne
NE50,Newcastle upon Tyne
NE51,Newcastle upon Tyne
NE52,Newcastle upon Tyne
NE53,Newcastle upon Tyne
NE54,Newcastle upon Tyne
NE55,Newcastle upon Tyne
NE56,Newcastle upon Tyne
NE57,Newcastle upon Tyne
NE58,Newcastle upon Tyne
NE59,Newcastle upon Tyne
NE6,Newcastle upon Tyne
NE60,Newcastle upon Tyne
NE61,Newcastle upon Tyne
NE62,Newcastle upon Tyne
NE63,Newcastle upon Tyne
NE64,Newcastle upon Tyne
NE65,Newcastle upon Tyne
NE66,Newcastle upon Tyne
NE67,Newcastle upon Tyne
NE68,Newcastle upon Tyne
NE69,Newcastle upon Tyne
NE7,Newcastle upon Tyne
NE70,Newcastle upon Tyne
NE71,Newcastle upon Tyne
NE8,Newcastle upon Tyne
NE9,Newcastle upon Tyne
NG1,Nottingham
NG10,Nottingham
NG11,Nottingham
NG12,Nottingham
NG13,Nottingham
NG14,Nottingham
NG15,Nottingham
NG16,Nottingham
NG17,Nottingham
NG18,Nottingham
NG19,Nottingham
NG2,Nottingham
NG20,Nottingham
NG21,Nottingham
NG22,Nottingham
NG23,Nottingham
NG24,Nottingham
NG25,Nottingham
NG26,Nottingham
NG27,Nottingham
NG28,Nottingham
NG29,Nottingham
NG3,Nottingham
NG30,Nottingham
NG31,Nottingham
NG32,Nottingham
NG33,Nottingham
NG34,Nottingham
NG4,Nottingham
NG5,Nottingham
NG6,Nottingham
NG7,Nottingham
NG8,Nottingham
NG9,Nottingham
NN1,Northampton
NN10,Northampton
NN11,Northampton
NN12,Northampton
NN13,Northampton
NN14,Northampton
NN15,Northampton
NN16,Northampton
NN17,Northampton
NN18,Northampton
NN2,Northampton
NN3,Northampton
NN4,Northampton
NN5,Northampton
NN6,Northampton
NN7,Northampton
NN8,Northampton
NN9,Northampton
NP1,Newport
NP10,Newport
NP11,Newport
NP12,Newport
NP13,Newport
NP14,Newport
NP15,Newport
NP16,Newport
NP17,Newport
NP18,Newport
NP19,Newport
NP2,Newport
NP20,Newport
NP21,Newport
NP22,Newport
NP23,Newport
NP24,Newport
NP25,Newport
NP26,Newport
NP27,Newport
NP28,Newport
NP29,Newport
NP3,Newport
NP30,Newport
NP31,Newport
NP32,Newport
NP33,Newport
NP34,Newport
NP35,Newport
NP36,Newport
NP37,Newport
NP38,Newport
NP39,Newport
NP4,Newport
NP40,Newport
NP41,Newport
NP42,Newport
NP43,Newport
NP44,Newport
NP5,Newport
NP6,Newport
NP7,Newport
NP8,Newport
NP9,Newport
NR1,Norwich
NR10,Norwich
NR11,Norwich
NR12,Norwich
NR13,Norwich
NR14,Norwich
NR15,Norwich
NR16,Norwich
NR17,Norwich
NR18,Norwich
NR19,Norwich
NR2,Norwich
NR20,Norwich
NR21,Norwich
NR22,Norwich
NR23,Norwich
NR24,Norwich
NR25,Norwich
NR26,Norwich
NR27,Norwich
NR28,Norwich
NR29,Norwich
NR3,Norwich
NR30,Norwich
NR31,Norwich
NR32,Norwich
NR33,Norwich
NR34,Norwich
NR35,Norwich
NR4,Norwich
NR5,Norwich
NR6,Norwich
NR7,Norwich
NR8,Norwich
NR9,Norwich
NW1,London
NW10,London
NW11,London
NW2,London
NW3,London
NW4,London
NW5,London
NW6,London
NW7,London
NW8,London
NW9,London
OL1,Oldham
OL10,Oldham
OL11,Oldham
OL12,Oldham
OL13,Oldham
OL14,Oldham
OL15,Oldham
OL16,Oldham
OL2,Oldham
OL3,Oldham
OL4,Oldham
OL5,Oldham
OL6,Oldham
OL7,Oldham
OL8,Oldham
OL9,Oldham
OX1,Oxford
OX10,Oxford
OX11,Oxford
OX12,Oxford
OX13,Oxford
OX14,Oxford
OX15,Oxford
OX16,Oxford
OX17,Oxford
OX18,Oxford
OX19,Oxford
OX2,Oxford
OX20,Oxford
OX21,Oxford
OX22,Oxford
OX23,Oxford
OX24,Oxford
OX25,Oxford
OX26,Oxford
OX27,Oxford
OX28,Oxford
OX29,Oxford
OX3,Oxford
OX30,Oxford
OX31,Oxford
OX32,Oxford
OX33,Oxford
OX4,Oxford
OX5,Oxford
OX6,Oxford
OX7,Oxford
OX8,Oxford
OX9,Oxford
PA1,Paisley
PA10,Paisley
PA11,Paisley
PA12,Paisley
PA13,Paisley
PA14,Paisley
PA15,Paisley
PA16,Paisley
PA17,Paisley
PA18,Paisley
PA19,Paisley
PA2,Paisley
PA20,Paisley
PA21,Paisley
PA22,Paisley
PA23,Paisley
PA24,Paisley
PA25,Paisley
PA26,Paisley
PA27,Paisley
PA28,Paisley
PA29,Paisley
PA3,Paisley
PA30,Paisley
PA31,Paisley
PA32,Paisley
PA33,Paisley
PA34,Paisley
PA35,Paisley
PA36,Paisley
PA37,Paisley
PA38,Paisley
PA39,Paisley
PA4,Paisley
PA40,Paisley
PA41,Paisley
PA42,Paisley
PA43,Paisley
PA44,Paisley
PA45,Paisley
PA46,Paisley
PA47,Paisley
PA48,Paisley
PA49,Paisley
PA5,Paisley
PA50,Paisley
PA51,Paisley
PA52,Paisley
PA53,Paisley
PA54,Paisley
PA55,Paisley
PA56,Paisley
PA57,Paisley
PA58,Paisley
PA59,Paisley
PA6,Paisley
PA60,Paisley
PA61,Paisley
PA62,Paisley
PA63,Paisley
PA64,Paisley
PA65,Paisley
PA66,Paisley
PA67,Paisley
PA68,Paisley
PA69,Paisley
PA7,Paisley
PA70,Paisley
PA71,Paisley
PA72,Paisley
PA73,Paisley
PA74,Paisley
PA75,Paisley
PA76,Paisley
PA77,Paisley
PA78,Paisley
PA79,Paisley
PA8,Paisley
PA80,Paisley
PA9,Paisley
PE1,Peterborough
PE10,Peterborough
PE11,Peterborough
PE12,Peterborough
PE13,Peterborough
PE14,Peterborough
PE15,Peterborough
PE16,Peterborough
PE17,Peterborough
PE18,Peterborough
PE19,Peterborough
PE2,Peterborough
PE20,Peterborough
PE21,Peterborough
PE22,Peterborough
PE23,Peterborough
PE24,Peterborough
PE25,Peterborough
PE26,Peterborough
PE27,Peterborough
PE28,Peterborough
PE29,Peterborough
PE3,Peterborough
PE30,Peterborough
PE31,Peterborough
PE32,Peterborough
PE33,Peterborough
PE34,Peterborough
PE35,Peterborough
PE36,Peterborough
PE37,Peterborough
PE38,Peterborough
PE4,Peterborough
PE5,Peterborough
PE6,Peterborough
PE7,Peterborough
PE8,Peterborough
PE9,Peterborough
PH1,Perth
PH10,Perth
PH11,Perth
PH12,Perth
PH13,Perth
PH14,Perth
PH15,Perth
PH16,Perth
PH17,Perth
PH18,Perth
PH19,Perth
PH2,Perth
PH20,Perth
PH21,Perth
PH22,Perth
PH23,Perth
PH24,Perth
PH25,Perth
PH26,Perth
PH27,Perth
PH28,Perth
PH29,Perth
PH3,Perth
PH30,Perth
PH31,Perth
PH32,Perth
PH33,Perth
PH34,Perth
PH35,Perth
PH36,Perth
PH37,Perth
PH38,Perth
PH39,Perth
PH4,Perth
PH40,Perth
PH41,Perth
PH42,Perth
PH43,Perth
PH5,Perth
PH6,Perth
PH7,Perth
PH8,Perth
PH9,Perth
PL1,Plymouth
PL10,Plymouth
PL11,Plymouth
PL12,Plymouth
PL13,Plymouth
PL14,Plymouth
PL15,Plymouth
PL16,Plymouth
PL17,Plymouth
PL18,Plymouth
PL19,Plymouth
PL2,Plymouth
PL20,Plymouth
PL21,Plymouth
PL22,Plymouth
PL23,Plymouth
PL24,Plymouth
PL25,Plymouth
PL26,Plymouth
PL27,Plymouth
PL28,Plymouth
PL29,Plymouth
PL3,Plymouth
PL30,Plymouth
PL31,Plymouth
PL32,Plymouth
PL33,Plymouth
PL34,Plymouth
PL35,Plymouth
PL4,Plymouth
PL5,Plymouth
PL6,Plymouth
PL7,Plymouth
PL8,Plymouth
PL9,Plymouth
PO1,Portsmouth
PO10,Portsmouth
PO11,Portsmouth
PO12,Portsmouth
PO13,Portsmouth
PO14,Portsmouth
PO15,Portsmouth
PO16,Portsmouth
PO17,Portsmouth
PO18,Portsmouth
PO19,Portsmouth
PO2,Portsmouth
PO20,Portsmouth
PO21,Portsmouth
PO22,Portsmouth
PO23,Portsmouth
PO24,Portsmouth
PO25,Portsmouth
PO26,Portsmouth
PO27,Portsmouth
PO28,Portsmouth
PO29,Portsmouth
PO3,Portsmouth
PO30,Portsmouth
PO31,Portsmouth
PO32,Portsmouth
PO33,Portsmouth
PO34,Portsmouth
PO35,Portsmouth
PO36,Portsmouth
PO37,Portsmouth
PO38,Portsmouth
PO39,Portsmouth
PO4,Portsmouth
PO5,Portsmouth
PO6,Portsmouth
PO7,Portsmouth
PO8,Portsmouth
PO9,Portsmouth
PR1,Preston
PR10,Preston
PR11,Preston
PR12,Preston
PR13,Preston
PR14,Preston
PR15,Preston
PR16,Preston
PR17,Preston
PR18,Preston
PR19,Preston
PR2,Preston
PR20,Preston
PR21,Preston
PR22,Preston
PR23,Preston
PR24,Preston
PR25,Preston
PR3,Preston
PR4,Preston
PR5,Preston
PR6,Preston
PR7,Preston
PR8,Preston
PR9,Preston
RG1,Reading
RG10,Reading
RG11,Reading
RG12,Reading
RG13,Reading
RG14,Reading
RG15,Reading
RG16,Reading
RG17,Reading
RG18,Reading
RG19,Reading
RG2,Reading
RG20,Reading
RG21,Reading
RG22,Reading
RG23,Reading
RG24,Reading
RG25,Reading
RG26,Reading
RG27,Reading
RG28,Reading
RG29,Reading
RG3,Reading
RG30,Reading
RG31,Reading
RG32,Reading
RG33,Reading
RG34,Reading
RG35,Reading
RG36,Reading
RG37,Reading
RG38,Reading
RG39,Reading
RG4,Reading
RG40,Reading
RG41,Reading
RG42,Reading
RG43,Reading
RG44,Reading
RG45,Reading
RG5,Reading
RG6,Reading
RG7,Reading
RG8,Reading
RG9,Reading
RH1,Redhill
RH10,Redhill
RH11,Redhill
RH12,Redhill
RH13,Redhill
RH14,Redhill
RH15,Redhill
RH16,Redhill
RH17,Redhill
RH18,Redhill
RH19,Redhill
RH2,Redhill
RH20,Redhill
RH3,Redhill
RH4,Redhill
RH5,Redhill
RH6,Redhill
RH7,Redhill
RH8,Redhill
RH9,Redhill
RM1,Romford
RM10,Romford
RM11,Romford
RM12,Romford
RM13,Romford
RM14,Romford
RM15,Romford
RM16,Romford
RM17,Romford
RM18,Romford
RM19,Romford
RM2,Romford
RM20,Romford
RM3,Romford
RM4,Romford
RM5,Romford
RM6,Romford
RM7,Romford
RM8,Romford
RM9,Romford
S1,Sheffield
S10,Sheffield
S11,Sheffield
S12,Sheffield
S13,Sheffield
S14,Sheffield
S15,Sheffield
S16,Sheffield
S17,Sheffield
S18,Sheffield
S19,Sheffield
S2,Sheffield
S20,Sheffield
S21,Sheffield
S22,Sheffield
S23,Sheffield
S24,Sheffield
S25,Sheffield
S26,Sheffield
S27,Sheffield
S28,Sheffield
S29,Sheffield
S3,Sheffield
S30,Sheffield
S31,Sheffield
S32,Sheffield
S33,Sheffield
S34,Sheffield
S35,Sheffield
S36,Sheffield
S37,Sheffield
S38,Sheffield
S39,Sheffield
S4,Sheffield
S40,Sheffield
S41,Sheffield
S42,Sheffield
S43,Sheffield
S44,Sheffield
S45,Sheffield
S46,Sheffield
S47,Sheffield
S48,Sheffield
S49,Sheffield
S5,Sheffield
S50,Sheffield
S51,Sheffield
S52,Sheffield
S53,Sheffield
S54,Sheffield
S55,Sheffield
S56,Sheffield
S57,Sheffield
S58,Sheffield
S59,Sheffield
S6,Sheffield
S60,Sheffield
S61,Sheffield
S62,Sheffield
S63,Sheffield
S64,Sheffield
S65,Sheffield
S66,Sheffield
S67,Sheffield
S68,Sheffield
S69,Sheffield
S7,Sheffield
S70,Sheffield
S71,Sheffield
S72,Sheffield
S73,Sheffield
S74,Sheffield
S75,Sheffield
S76,Sheffield
S77,Sheffield
S78,Sheffield
S79,Sheffield
S8,Sheffield
S80,Sheffield
S81,Sheffield
S82,Sheffield
S83,Sheffield
S84,Sheffield
S85,Sheffield
S86,Sheffield
S87,Sheffield
S88,Sheffield
S89,Sheffield
S9,Sheffield
S90,Sheffield
S91,Sheffield
S92,Sheffield
S93,Sheffield
S94,Sheffield
S95,Sheffield
S96,Sheffield
S97,Sheffield
S98,Sheffield
S99,Sheffield
SA1,Swansea
SA10,Swansea
SA11,Swansea
SA12,Swansea
SA13,Swansea
SA14,Swansea
SA15,Swansea
SA16,Swansea
SA17,Swansea
SA18,Swansea
SA19,Swansea
SA2,Swansea
SA20,Swansea
SA21,Swansea
SA22,Swansea
SA23,Swansea
SA24,Swansea
SA25,Swansea
SA26,Swansea
SA27,Swansea
SA28,Swansea
SA29,Swansea
SA3,Swansea
SA30,Swansea
SA31,Swansea
SA32,Swansea
SA33,Swansea
SA34,Swansea
SA35,Swansea
SA36,Swansea
SA37,Swansea
SA38,Swansea
SA39,Swansea
SA4,Swansea
SA40,Swansea
SA41,Swansea
SA42,Swansea
SA43,Swansea
SA44,Swansea
SA45,Swansea
SA46,Swansea
SA47,Swansea
SA48,Swansea
SA49,Swansea
SA5,Swansea
SA50,Swansea
SA51,Swansea
SA52,Swansea
SA53,Swansea
SA54,Swansea
SA55,Swansea
SA56,Swansea
SA57,Swansea
SA58,Swansea
SA59,Swansea
SA6,Swansea
SA60,Swansea
SA61,Swansea
SA62,Swansea
SA63,Swansea
SA64,Swansea
SA65,Swansea
SA66,Swansea
SA67,Swansea
SA68,Swansea
SA69,Swansea
SA7,Swansea
SA70,Swansea
SA71,Swansea
SA72,Swansea
SA8,Swansea
SA9,Swansea
SE1,London
SE10,London
SE11,London
SE12,London
SE13,London
SE14,London
SE15,London
SE16,London
SE17,London
SE18,London
SE19,London
SE2,London
SE20,London
SE21,London
SE22,London
SE23,London
SE24,London
SE25,London
SE26,London
SE27,London
SE28,London
SE3,London
SE4,London
SE5,London
SE6,London
SE7,London
SE8,London
SE9,London
SG1,Stevenage
SG10,Stevenage
SG11,Stevenage
SG12,Stevenage
SG13,Stevenage
SG14,Stevenage
SG15,Stevenage
SG16,Stevenage
SG17,Stevenage
SG18,Stevenage
SG2,Stevenage
SG3,Stevenage
SG4,Stevenage
SG5,Stevenage
SG6,Stevenage
SG7,Stevenage
SG8,Stevenage
SG9,Stevenage
SK1,Stockport
SK10,Stockport
SK11,Stockport
SK12,Stockport
SK13,Stockport
SK2,Stockport
SK3,Stockport
SK4,Stockport
SK5,Stockport
SK6,Stockport
SK7,Stockport
SK8,Stockport
SK9,Stockport
SL0,Slough
SL1,Slough
SL2,Slough
SL3,Slough
SL4,Slough
SL5,Slough
SL6,Slough
SL7,Slough
SL8,Slough
SL9,Slough
SM1,Sutton
SM2,Sutton
SM3,Sutton
SM4,Sutton
SM5,Sutton
SM6,Sutton
SM7,Sutton
SN1,Swindon
SN10,Swindon
SN11,Swindon
SN12,Swindon
SN13,Swindon
SN14,Swindon
SN15,Swindon
SN16,Swindon
SN2,Swindon
SN3,Swindon
SN4,Swindon
SN5,Swindon
SN6,Swindon
SN7,Swindon
SN8,Swindon
SN9,Swindon
SO1,Southampton
SO10,Southampton
SO11,Southampton
SO12,Southampton
SO13,Southampton
SO14,Southampton
SO15,Southampton
SO16,Southampton
SO17,Southampton
SO18,Southampton
SO19,Southampton
SO2,Southampton
SO20,Southampton
SO21,Southampton
SO22,Southampton
SO23,Southampton
SO24,Southampton
SO25,Southampton
SO26,Southampton
SO27,Southampton
SO28,Southampton
SO29,Southampton
SO3,Southampton
SO30,Southampton
SO31,Southampton
SO32,Southampton
SO33,Southampton
SO34,Southampton
SO35,Southampton
SO36,Southampton
SO37,Southampton
SO38,Southampton
SO39,Southampton
SO4,Southampton
SO40,Southampton
SO41,Southampton
SO42,Southampton
SO43,Southampton
SO44,Southampton
SO45,Southampton
SO46,Southampton
SO47,Southampton
SO48,Southampton
SO49,Southampton
SO5,Southampton
SO50,Southampton
SO51,Southampton
SO6,Southampton
SO7,Southampton
SO8,Southampton
SO9,Southampton
SP1,Salisbury
SP10,Salisbury
SP11,Salisbury
SP2,Salisbury
SP3,Salisbury
SP4,Salisbury
SP5,Salisbury
SP6,Salisbury
SP7,Salisbury
SP8,Salisbury
SP9,Salisbury
SR1,Sunderland
SR2,Sunderland
SR3,Sunderland
SR4,Sunderland
SR5,Sunderland
SR6,Sunderland
SR7,Sunderland
SR8,Sunderland
SR9,Sunderland
SS0,Southend-on-Sea
SS1,Southend-on-Sea
SS10,Southend-on-Sea
SS11,Southend-on-Sea
SS12,Southend-on-Sea
SS13,Southend-on-Sea
SS14,Southend-on-Sea
SS15,Southend-on-Sea
SS16,Southend-on-Sea
SS2,Southend-on-Sea
SS3,Southend-on-Sea
SS4,Southend-on-Sea
SS5,Southend-on-Sea
SS6,Southend-on-Sea
SS7,Southend-on-Sea
SS8,Southend-on-Sea
SS9,Southend-on-Sea
ST1,Stoke-on-Trent
ST10,Stoke-on-Trent
ST11,Stoke-on-Trent
ST12,Stoke-on-Trent
ST13,Stoke-on-Trent
ST14,Stoke-on-Trent
ST15,Stoke-on-Trent
ST16,Stoke-on-Trent
ST17,Stoke-on-Trent
ST18,Stoke-on-Trent
ST19,Stoke-on-Trent
ST2,Stoke-on-Trent
ST20,Stoke-on-Trent
ST21,Stoke-on-Trent
ST3,Stoke-on-Trent
ST4,Stoke-on-Trent
ST5,Stoke-on-Trent
ST6,Stoke-on-Trent
ST7,Stoke-on-Trent
ST8,Stoke-on-Trent
ST9,Stoke-on-Trent
SW1,London
SW10,London
SW11,London
SW12,London
SW13,London
SW14,London
SW15,London
SW16,London
SW17,London
SW18,London
SW19,London
SW2,London
SW20,London
SW3,London
SW4,London
SW5,London
SW6,London
SW7,London
SW8,London
SW9,London
SY1,Shrewsbury
SY10,Shrewsbury
SY11,Shrewsbury
SY12,Shrewsbury
SY13,Shrewsbury
SY14,Shrewsbury
SY15,Shrewsbury
SY16,Shrewsbury
SY17,Shrewsbury
SY18,Shrewsbury
SY19,Shrewsbury
SY2,Shrewsbury
SY20,Shrewsbury
SY21,Shrewsbury
SY22,Shrewsbury
SY23,Shrewsbury
SY24,Shrewsbury
SY3,Shrewsbury
SY4,Shrewsbury
SY5,Shrewsbury
SY6,Shrewsbury
SY7,Shrewsbury
SY8,Shrewsbury
SY9,Shrewsbury
TA1,Taunton
TA10,Taunton
TA11,Taunton
TA12,Taunton
TA13,Taunton
TA14,Taunton
TA15,Taunton
TA16,Taunton
TA17,Taunton
TA18,Taunton
TA19,Taunton
TA2,Taunton
TA20,Taunton
TA21,Taunton
TA22,Taunton
TA23,Taunton
TA24,Taunton
TA3,Taunton
TA4,Taunton
TA5,Taunton
TA6,Taunton
TA7,Taunton
TA8,Taunton
TA9,Taunton
TD1,Galashiels
TD10,Galashiels
TD11,Galashiels
TD12,Galashiels
TD13,Galashiels
TD14,Galashiels
TD15,Galashiels
TD2,Galashiels
TD3,Galashiels
TD4,Galashiels
TD5,Galashiels
TD6,Galashiels
TD7,Galashiels
TD8,Galashiels
TD9,Galashiels
TF1,Telford
TF10,Telford
TF11,Telford
TF12,Telford
TF13,Telford
TF2,Telford
TF3,Telford
TF4,Telford
TF5,Telford
TF6,Telford
TF7,Telford
TF8,Telford
TF9,Telford
TN1,Tonbridge
TN10,Tonbridge
TN11,Tonbridge
TN12,Tonbridge
TN13,Tonbridge
TN14,Tonbridge
TN15,Tonbridge
TN16,Tonbridge
TN17,Tonbridge
TN18,Tonbridge
TN19,Tonbridge
TN2,Tonbridge
TN20,Tonbridge
TN21,Tonbridge
TN22,Tonbridge
TN23,Tonbridge
TN24,Tonbridge
TN25,Tonbridge
TN26,Tonbridge
TN27,Tonbridge
TN28,Tonbridge
TN29,Tonbridge
TN3,Tonbridge
TN30,Tonbridge
TN31,Tonbridge
TN32,Tonbridge
TN33,Tonbridge
TN34,Tonbridge
TN35,Tonbridge
TN36,Tonbridge
TN37,Tonbridge
TN38,Tonbridge
TN39,Tonbridge
TN4,Tonbridge
TN40,Tonbridge
TN5,Tonbridge
TN6,Tonbridge
TN7,Tonbridge
TN8,Tonbridge
TN9,Tonbridge
TQ1,Torquay
TQ10,Torquay
TQ11,Torquay
TQ12,Torquay
TQ13,Torquay
TQ14,Torquay
TQ2,Torquay
TQ3,Torquay
TQ4,Torquay
TQ5,Torquay
TQ6,Torquay
TQ7,Torquay
TQ8,Torquay
TQ9,Torquay
TR1,Truro
TR10,Truro
TR11,Truro
TR12,Truro
TR13,Truro
TR14,Truro
TR15,Truro
TR16,Truro
TR17,Truro
TR18,Truro
TR19,Truro
TR2,Truro
TR20,Truro
TR21,Truro
TR22,Truro
TR23,Truro
TR24,Truro
TR25,Truro
TR26,Truro
TR3,Truro
TR4,Truro
TR5,Truro
TR6,Truro
TR7,Truro
TR8,Truro
TR9,Truro
TS1,Middlesbrough
TS10,Middlesbrough
TS11,Middlesbrough
TS12,Middlesbrough
TS13,Middlesbrough
TS14,Middlesbrough
TS15,Middlesbrough
TS16,Middlesbrough
TS17,Middlesbrough
TS18,Middlesbrough
TS19,Middlesbrough
TS2,Middlesbrough
TS20,Middlesbrough
TS21,Middlesbrough
TS22,Middlesbrough
TS23,Middlesbrough
TS24,Middlesbrough
TS25,Middlesbrough
TS26,Middlesbrough
TS27,Middlesbrough
TS28,Middlesbrough
TS3,Middlesbrough
TS4,Middlesbrough
TS5,Middlesbrough
TS6,Middlesbrough
TS7,Middlesbrough
TS8,Middlesbrough
TS9,Middlesbrough
TW1,Twickenham
TW10,Twickenham
TW11,Twickenham
TW12,Twickenham
TW13,Twickenham
TW14,Twickenham
TW15,Twickenham
TW16,Twickenham
TW17,Twickenham
TW18,Twickenham
TW19,Twickenham
TW2,Twickenham
TW20,Twickenham
TW3,Twickenham
TW4,Twickenham
TW5,Twickenham
TW6,Twickenham
TW7,Twickenham
TW8,Twickenham
TW9,Twickenham
UB1,Southall
UB10,Southall
UB2,Southall
UB3,Southall
UB4,Southall
UB5,Southall
UB6,Southall
UB7,Southall
UB8,Southall
UB9,Southall
W1,London
W10,London
W11,London
W12,London
W13,London
W14,London
W2,London
W3,London
W4,London
W5,London
W6,London
W7,London
W8,London
W9,London
WA1,Warrington
WA10,Warrington
WA11,Warrington
WA12,Warrington
WA13,Warrington
WA14,Warrington
WA15,Warrington
WA2,Warrington
WA3,Warrington
WA4,Warrington
WA5,Warrington
WA6,Warrington
WA7,Warrington
WA8,Warrington
WA9,Warrington
WC1,London
WC2,London
WD1,Watford
WD10,Watford
WD11,Watford
WD12,Watford
WD13,Watford
WD14,Watford
WD15,Watford
WD16,Watford
WD17,Watford
WD18,Watford
WD19,Watford
WD2,Watford
WD20,Watford
WD21,Watford
WD22,Watford
WD23,Watford
WD24,Watford
WD25,Watford
WD3,Watford
WD4,Watford
WD5,Watford
WD6,Watford
WD7,Watford
WD8,Watford
WD9,Watford
WF1,Wakefield
WF10,Wakefield
WF11,Wakefield
WF12,Wakefield
WF13,Wakefield
WF14,Wakefield
WF15,Wakefield
WF16,Wakefield
WF17,Wakefield
WF2,Wakefield
WF3,Wakefield
WF4,Wakefield
WF5,Wakefield
WF6,Wakefield
WF7,Wakefield
WF8,Wakefield
WF9,Wakefield
WN1,Wigan
WN2,Wigan
WN3,Wigan
WN4,Wigan
WN5,Wigan
WN6,Wigan
WN7,Wigan
WN8,Wigan
WR1,Worcester
WR10,Worcester
WR11,Worcester
WR12,Worcester
WR13,Worcester
WR14,Worcester
WR2,Worcester
WR3,Worcester
WR4,Worcester
WR5,Worcester
WR6,Worcester
WR7,Worcester
WR8,Worcester
WR9,Worcester
WS1,Walsall
WS10,Walsall
WS11,Walsall
WS12,Walsall
WS13,Walsall
WS14,Walsall
WS15,Walsall
WS2,Walsall
WS3,Walsall
WS4,Walsall
WS5,Walsall
WS6,Walsall
WS7,Walsall
WS8,Walsall
WS9,Walsall
WV1,Wolverhampton
WV10,Wolverhampton
WV11,Wolverhampton
WV12,Wolverhampton
WV13,Wolverhampton
WV14,Wolverhampton
WV15,Wolverhampton
WV16,Wolverhampton
WV2,Wolverhampton
WV3,Wolverhampton
WV4,Wolverhampton
WV5,Wolverhampton
WV6,Wolverhampton
WV7,Wolverhampton
WV8,Wolverhampton
WV9,Wolverhampton
YO1,York
YO10,York
YO11,York
YO12,York
YO13,York
YO14,York
YO15,York
YO16,York
YO17,York
YO18,York
YO19,York
YO2,York
YO20,York
YO21,York
YO22,York
YO23,York
YO24,York
YO25,York
YO26,York
YO27,York
YO28,York
YO29,York
YO3,York
YO30,York
YO31,York
YO32,York
YO4,York
YO5,York
YO6,York
YO7,York
YO8,York
YO9,York
ZE1,Lerwick
ZE2,Lerwick
ZE3,Lerwick
